name,email,personal_number,phone_number
John Doe,johndoe@example.com,1234567890,9876543210
Jane Smith,janesmith@example.com,4567890123,7654321098
Alice Johnson,alice@example.com,7890123456,6543210987
Bob Wilson,bob@example.com,2345678901,5432109876
Eva Davis,eva@example.com,5678901234,4321098765
Chris Brown,chris@example.com,8901234567,3210987654
Olivia Lee,olivia@example.com,3456789012,2109876543
Michael Wilson,michael@example.com,6789012345,1098765432
Emily Johnson,emily@example.com,9012345678,0987654321
Sophia Smith,sophia@example.com,1122334455,5050505050